Price,Close,High,Low,Open,Volume,rsi,ema_9,ema_21,macd_line,target
Ticker,GC=F,GC=F,GC=F,GC=F,GC=F,,,,,
Date,,,,,,,,,,
2024-08-02,2425.699951171875,2477.0,2416.0,2444.0,550,58.297223571274706,2411.0148613708548,2397.2365960199613,16.0405549722027,0
2024-08-05,2401.699951171875,2449.800048828125,2367.39990234375,2442.0,334,50.58508036089043,2409.151879331059,2397.6423555792258,14.377284156309088,0
2024-08-06,2389.10009765625,2421.800048828125,2380.0,2414.5,163,46.961166742272404,2405.141522996097,2396.865786677137,11.905191536840448,1
2024-08-07,2390.5,2401.0,2384.5,2392.199951171875,130,47.42612622135431,2402.213218396878,2396.287078797397,9.944368257990845,1
2024-08-08,2422.199951171875,2422.800048828125,2384.300048828125,2384.300048828125,201,56.926660539378105,2406.210564951877,2398.642794467804,10.823555602996294,1
2024-08-09,2432.10009765625,2432.10009765625,2418.5,2422.300048828125,611,59.46829694746874,2411.3884714927517,2401.6843674849356,12.178787509055837,1
2024-08-12,2462.39990234375,2469.800048828125,2432.0,2432.699951171875,566,66.24214462542109,2421.5907576629515,2407.2039615630097,15.51886772381431,1
2024-08-13,2466.699951171875,2470.0,2456.5,2461.0,510,67.10892620840525,2430.6125963647364,2412.612687891088,18.301910331651015,0
2024-08-14,2439.39990234375,2472.10009765625,2439.39990234375,2468.0,274,56.81772249049562,2432.3700575605394,2415.0478892049664,18.096006367665268,1
2024-08-15,2453.10009765625,2467.699951171875,2431.199951171875,2451.800048828125,285,60.21929105502181,2436.5160655796817,2418.507180882356,18.821356376734457,1
2024-08-16,2498.60009765625,2508.0,2451.39990234375,2453.5,197,69.17849871375964,2448.9328719949954,2425.788355134528,22.80479178125597,1
2024-08-19,2501.800048828125,2508.5,2487.199951171875,2508.5,88,69.71154346636031,2459.5063073616216,2432.698509106673,25.92110004886581,1
2024-08-20,2511.300048828125,2527.300048828125,2500.699951171875,2503.5,187,71.34621188748116,2469.8650556549223,2439.844103626805,28.82508971666357,0
2024-08-21,2508.39990234375,2515.39990234375,2503.89990234375,2511.0,96,70.06358974033182,2477.572024992688,2446.076448964709,30.540453529242313,0
2024-08-22,2478.89990234375,2504.10009765625,2471.10009765625,2504.10009765625,210,58.231864329046,2477.837600462901,2449.0603992718943,29.183083826513666,1
2024-08-23,2508.39990234375,2508.39990234375,2486.5,2486.5,94,64.8308228060234,2483.950060839071,2454.4548995511536,30.14032313262078,1
2024-08-26,2517.699951171875,2523.10009765625,2509.10009765625,2509.89990234375,290,66.67507451704193,2490.700038905632,2460.2044496984918,31.28870171904964,0
2024-08-27,2516.0,2523.10009765625,2506.89990234375,2515.199951171875,100,65.97244038052102,2495.760031124506,2465.276772453174,31.69625348993077,0
2024-08-28,2501.0,2501.0,2501.0,2501.0,2353,59.794557193051496,2496.808024899605,2468.5243385937947,30.457768370365557,1
2024-08-29,2525.699951171875,2525.699951171875,2503.89990234375,2504.10009765625,3966,65.67546223189647,2502.5864101540587,2473.722121555438,31.110714670794096,0
2024-08-30,2493.800048828125,2525.39990234375,2493.800048828125,2519.5,208,54.28177904263502,2500.829137888872,2475.547387671137,28.723022671676972,0
2024-09-03,2489.89990234375,2501.800048828125,2476.300048828125,2501.60009765625,206,53.031958318182966,2498.643290779848,2476.8521617322835,26.213873121801043,1
2024-09-04,2493.39990234375,2493.39990234375,2483.5,2490.89990234375,470,54.086060761893144,2497.5946130926286,2478.3565017878714,24.22848389472665,1
2024-09-05,2511.39990234375,2513.300048828125,2493.39990234375,2493.699951171875,54,59.305012045546036,2500.355670942853,2481.360447292951,23.832768871865028,0
2024-09-06,2493.5,2517.89990234375,2483.699951171875,2510.300048828125,96,52.68767345822486,2498.9845367542825,2482.4640429935916,21.82322479095501,1
2024-09-09,2501.800048828125,2504.699951171875,2491.300048828125,2491.300048828125,96,55.25971613098483,2499.5476391690513,2484.221861705822,20.662210106549537,1
2024-09-10,2512.300048828125,2512.300048828125,2512.300048828125,2512.300048828125,5,58.43578281965172,2502.098121100866,2486.774424171486,20.35472327282332,0
2024-09-11,2512.10009765625,2525.800048828125,2502.300048828125,2525.800048828125,90,58.34814126988072,2504.098516411943,2489.076758124646,19.86590160564765,1
2024-09-12,2551.199951171875,2557.0,2523.39990234375,2529.10009765625,132,68.58518139882072,2513.5188033639297,2494.7243211289397,22.375606259612596,1
2024-09-13,2581.300048828125,2581.800048828125,2565.0,2568.800048828125,31,74.0422283611021,2527.075052456769,2502.594841828866,26.488053807125198,0
2024-09-16,2580.39990234375,2580.39990234375,2580.39990234375,2580.39990234375,28,73.61730965278707,2537.740022434165,2509.668029148401,29.33639215121366,0
2024-09-17,2564.300048828125,2581.800048828125,2564.300048828125,2581.199951171875,22,66.0808369203277,2543.052027712957,2514.634576392012,29.949359608711802,1
2024-09-18,2570.699951171875,2570.699951171875,2549.199951171875,2570.699951171875,25,67.54819452506811,2548.581612404741,2519.7314286447267,30.598835044615953,1
2024-09-19,2588.0,2588.0,2566.0,2566.0,99,71.27990684087106,2556.465289923793,2525.937662404297,32.13903952291366,1
2024-09-20,2619.89990234375,2621.800048828125,2590.39990234375,2590.39990234375,17,76.75609027427227,2569.1522124077846,2534.4796842169744,35.52421712708792,1
2024-09-23,2626.5,2626.5,2626.5,2626.5,9,77.73217698977093,2580.621769926228,2542.845167469977,38.29809093624681,1
2024-09-24,2651.199951171875,2662.300048828125,2625.5,2636.800048828125,35,81.04245546912541,2594.7374061753576,2552.6956023519674,42.0052748866342,1
2024-09-25,2659.199951171875,2664.199951171875,2649.300048828125,2656.300048828125,175,82.00514553707035,2607.629915174661,2562.3778158810496,45.069247783529136,1
2024-09-26,2669.89990234375,2669.89990234375,2660.800048828125,2662.300048828125,17216,83.26786011005609,2620.083912608479,2572.1525510140223,47.80974404656172,0
2024-09-27,2644.300048828125,2672.10009765625,2641.699951171875,2670.0,4228,70.17708521146479,2624.927139852408,2578.7114144516677,47.36986255855663,0
2024-09-30,2636.10009765625,2662.10009765625,2623.199951171875,2660.89990234375,973,66.45856466798071,2627.1617314131763,2583.928567470266,45.831271412550905,1
2024-10-01,2667.300048828125,2670.89990234375,2631.39990234375,2631.39990234375,153,72.5971781065922,2635.189394896166,2591.507793048253,46.592413811441475,0
2024-10-02,2647.10009765625,2657.199951171875,2640.0,2650.60009765625,72,64.15124516873634,2637.571535448183,2596.561638921707,45.046390653711114,1
2024-10-03,2657.10009765625,2657.10009765625,2640.0,2642.800048828125,354,66.30735166899726,2641.4772478897967,2602.065135170302,44.119490565418346,0
2024-10-04,2645.800048828125,2667.0,2639.0,2656.0,114,61.65171474070581,2642.3418080774627,2606.041036411922,41.989072178724655,0
2024-10-07,2644.800048828125,2657.39990234375,2639.0,2648.699951171875,284,61.22899577924034,2642.833456227595,2609.564582995213,39.76166093924985,0
2024-10-08,2615.0,2639.0,2609.300048828125,2639.0,687,49.90020907284023,2637.266764982076,2610.05871181383,35.18620195976246,0
2024-10-09,2606.0,2607.699951171875,2603.0,2603.0,152,46.98311082382474,2631.013411985661,2609.689738012573,30.482509574582764,1
2024-10-10,2620.60009765625,2628.300048828125,2602.5,2602.5,320,52.03700061543399,2628.9307491197787,2610.6815888892706,27.61458162629833,1
2024-10-11,2657.60009765625,2658.10009765625,2638.199951171875,2638.300048828125,12,62.186817561702355,2634.664618827073,2614.946907868087,28.004500394721617,0
2024-10-14,2647.800048828125,2655.300048828125,2647.800048828125,2655.0,40,58.54099141809668,2637.2917048272834,2617.933557046272,27.2090824247789,1
2024-10-15,2661.39990234375,2661.39990234375,2661.39990234375,2661.39990234375,39,61.978112102377935,2642.113344330577,2621.8850429824065,27.360705293736373,1
2024-10-16,2674.0,2674.0,2674.0,2674.0,6,64.9678925930065,2648.490675464462,2626.622766347642,28.172831225825576,1
2024-10-17,2691.0,2691.699951171875,2677.199951171875,2677.39990234375,30,68.66199912608627,2656.9925403715697,2632.47524213422,29.844179677168086,1
2024-10-18,2713.699951171875,2719.60009765625,2713.699951171875,2713.699951171875,29,72.90156049749092,2668.334022531631,2639.8593065921887,32.62435841854449,1
2024-10-21,2723.10009765625,2738.39990234375,2719.5,2721.89990234375,52,74.48950635126658,2679.287237556555,2647.426651234376,35.18064281104216,1
2024-10-22,2744.199951171875,2746.0,2728.60009765625,2731.699951171875,93,77.74241428314488,2692.2697802796188,2656.224223955967,38.46568991967524,0
2024-10-23,2714.39990234375,2742.5,2714.199951171875,2742.5,18,64.7799258617446,2696.695804692445,2661.5129219912196,38.22387746385721,1
2024-10-24,2734.89990234375,2736.10009765625,2729.0,2729.0,27,68.7611755565645,2704.336624222706,2668.1844656596318,39.2341511527311,1
2024-10-25,2740.89990234375,2742.39990234375,2725.5,2725.5,29,69.86881950102358,2711.6492798469153,2674.7949599036424,40.05719576762931,1
2024-10-28,2742.89990234375,2742.89990234375,2729.5,2736.10009765625,56,70.2593830463705,2717.899404346282,2680.9863183072885,40.4050831922068,1
2024-10-29,2768.39990234375,2768.39990234375,2768.39990234375,2768.39990234375,848,74.87338000907764,2727.9995039457763,2688.9330077651484,42.251375810411446,1
2024-10-30,2788.5,2789.0,2774.60009765625,2774.60009765625,231,77.8790822148073,2740.099603156621,2697.984552513771,44.81983079941301,0
2024-10-31,2738.300048828125,2787.5,2733.5,2787.39990234375,849,58.46991308373318,2739.739692290922,2701.6495976332576,42.31683127224869,1
2024-11-01,2738.60009765625,2756.0,2734.199951171875,2745.5,109,58.53853721673178,2739.511773363988,2705.008733998984,39.897484184294626,0
2024-11-04,2736.10009765625,2737.10009765625,2736.10009765625,2736.5,16,57.656538086109386,2738.8294382224403,2707.83522160419,37.347881945193876,1
2024-11-05,2740.300048828125,2743.89990234375,2740.300048828125,2743.0,23,58.814858153779895,2739.1235603435775,2710.7865695336386,35.25975228502011,0
2024-11-06,2667.60009765625,2734.5,2659.39990234375,2734.5,427,38.53867009825123,2724.818867806112,2706.8605266356944,27.422506420347418,1
2024-11-07,2698.39990234375,2699.10009765625,2662.5,2662.5,676,47.12012645955664,2719.53507471364,2706.09137897279,23.426671357052783,0
2024-11-08,2687.5,2694.60009765625,2682.89990234375,2688.5,1038,44.66776007323836,2713.128059770912,2704.4012536116275,19.15955285716882,0
2024-11-11,2611.199951171875,2671.699951171875,2611.199951171875,2671.699951171875,20,31.796566266715033,2692.7424380511047,2695.9284079352865,9.511412782854677,0
2024-11-12,2600.0,2605.5,2592.800048828125,2605.5,118,30.369289832297184,2674.193950440884,2687.2076435775334,0.9504931122555718,0
2024-11-13,2580.800048828125,2611.800048828125,2580.800048828125,2611.10009765625,53,27.977219685396946,2655.515170118332,2677.534225873042,-7.299232000782922,0
2024-11-14,2568.199951171875,2576.199951171875,2554.199951171875,2555.10009765625,27,26.457646035338882,2638.052126329041,2667.594746354754,-14.68464571148752,0
2024-11-15,2565.699951171875,2565.699951171875,2565.699951171875,2565.699951171875,20,26.144589612557795,2623.581691297608,2658.3315831563104,-20.503022314330792,1
2024-11-18,2610.60009765625,2610.699951171875,2589.39990234375,2591.699951171875,136,40.25233448540247,2620.9853725693365,2653.992357201759,-21.246148738723605,1
2024-11-19,2627.10009765625,2627.699951171875,2619.300048828125,2621.89990234375,87,44.57521263446574,2622.208317586719,2651.5476063339856,-20.270009626909086,1
2024-11-20,2648.199951171875,2648.199951171875,2638.5,2638.5,27,49.74188837538631,2627.4066443037505,2651.243274046521,-17.59105181296627,1
2024-11-21,2672.10009765625,2672.10009765625,2655.699951171875,2659.300048828125,33,55.01920238082132,2636.3453349742504,2653.1393489201328,-13.385121021944087,1
2024-11-22,2709.89990234375,2710.5,2685.60009765625,2687.5,41,62.026272759624526,2651.05624844815,2658.2993992313704,-6.921970073599368,0
2024-11-25,2616.800048828125,2689.39990234375,2616.800048828125,2689.39990234375,94,43.48720908298175,2644.2050085241453,2654.5267310128934,-9.206133912198766,1
2024-11-26,2620.300048828125,2625.60009765625,2620.300048828125,2625.60009765625,177858,44.18407111885406,2639.4240165849415,2651.4152144506415,-10.611605479053196,1
2024-11-27,2639.89990234375,2657.89990234375,2627.199951171875,2633.5,61653,48.16143471704312,2639.519193736703,2650.3683678954694,-10.028307360909366,1
2024-11-29,2657.0,2664.300048828125,2620.699951171875,2636.39990234375,3861,51.51096518889554,2643.0153549893625,2650.9712435413358,-8.092914351484069,0
2024-12-02,2634.89990234375,2649.800048828125,2621.699951171875,2649.0,695,47.13727031366173,2641.3922644602403,2649.5102125233734,-8.247324606119491,1
2024-12-03,2644.699951171875,2654.699951171875,2636.0,2639.0,1062,49.25998170755682,2642.0538018025672,2649.0729160368737,-7.492544419261321,1
2024-12-04,2653.800048828125,2658.300048828125,2637.0,2639.199951171875,249,51.27852066737221,2644.403051207679,2649.502655381533,-6.089873583255667,0
2024-12-05,2626.60009765625,2655.0,2625.699951171875,2652.39990234375,573,45.2942752767791,2640.8424604973934,2647.420604679234,-7.091311356981805,1
2024-12-06,2638.60009765625,2643.10009765625,2617.5,2620.199951171875,571,48.254451159925765,2640.3939879291647,2646.618740404417,-6.83783597905267,1
2024-12-09,2664.89990234375,2677.10009765625,2630.800048828125,2632.10009765625,935,54.27905759791494,2645.295170812082,2648.2806642170835,-4.463329984474967,1
2024-12-10,2697.60009765625,2698.199951171875,2661.0,2662.300048828125,437,60.614128218533004,2655.7561561809157,2652.7642490751896,0.05646470839292306,1
2024-12-11,2733.800048828125,2733.800048828125,2693.10009765625,2701.800048828125,3387,66.34928971021364,2671.364934710358,2660.13113996182,6.484716316705544,0
2024-12-12,2687.5,2725.10009765625,2677.39990234375,2725.10009765625,2365,54.973326890760696,2674.5919477682864,2662.619218147109,7.753744692294276,0
2024-12-13,2656.0,2689.300048828125,2647.89990234375,2688.199951171875,1125,48.66575837347993,2670.873558214629,2662.0174710428264,6.146815417416292,0
2024-12-16,2651.39990234375,2663.300048828125,2651.0,2658.300048828125,877,47.77627822530311,2666.978827040454,2661.0522375247283,4.450816709050741,0
2024-12-17,2644.39990234375,2652.300048828125,2632.5,2651.800048828125,705,46.34410438417975,2662.4630421011134,2659.538388871912,2.512916675897941,0
2024-12-18,2636.5,2647.10009765625,2590.199951171875,2644.300048828125,566,44.665170510676525,2657.270433680891,2657.4439898835562,0.33579006209311046,0
2024-12-19,2592.199951171875,2610.300048828125,2582.10009765625,2582.10009765625,238,36.43980640763256,2644.2563371790884,2651.5127136370397,-4.907669613782218,1
2024-12-20,2628.699951171875,2631.60009765625,2604.89990234375,2605.300048828125,592,45.60950926309793,2641.145059977646,2649.438826140207,-6.048184520935138,0
2024-12-23,2612.300048828125,2627.699951171875,2611.10009765625,2620.0,451,42.54524005070741,2635.3760577477415,2646.06257365729,-8.18107946967666,1
2024-12-24,2620.0,2620.0,2609.5,2613.0,35,44.490782985813254,2632.300846198193,2643.6932487793542,-9.144678216721331,1
2024-12-26,2638.800048828125,2638.800048828125,2627.89990234375,2628.5,84,49.16103190369054,2633.6006867241795,2643.2484124201515,-8.295702648011684,0
2024-12-27,2617.199951171875,2617.699951171875,2616.39990234375,2617.699951171875,642,44.39295541444543,2630.320539613719,2640.88037048849,-9.259097640569507,0
2024-12-30,2606.10009765625,2626.89990234375,2597.0,2620.699951171875,794,42.06353938388042,2625.4764512222255,2637.718527503741,-10.793835905039032,1
2024-12-31,2629.199951171875,2629.199951171875,2604.89990234375,2608.39990234375,401,48.332556343221235,2626.2211512121553,2636.9441114735714,-10.030536134871909,1
2025-01-02,2658.89990234375,2663.10009765625,2633.0,2633.0,1728,55.24998473695371,2632.7569014384744,2638.9400924617694,-6.948974271202587,0
2025-01-03,2645.0,2658.699951171875,2641.800048828125,2658.699951171875,591,51.653788502676264,2635.2055211507795,2639.490993147063,-5.564278704339358,0
2025-01-06,2638.39990234375,2647.0,2617.300048828125,2645.5,960,49.93886027442652,2635.8443973893736,2639.391803074034,-4.942496193429179,1
2025-01-07,2656.699951171875,2657.5,2653.0,2653.39990234375,643,54.584128530202705,2640.015508145874,2640.9652710829287,-2.939186955646619,1
2025-01-08,2664.5,2676.89990234375,2653.5,2655.5,999,56.495928849863716,2644.9124065166993,2643.104791893571,-0.7139215556453564,1
2025-01-09,2683.800048828125,2686.300048828125,2667.89990234375,2669.699951171875,1139,61.00849380650684,2652.6899349789846,2646.804360705803,2.5772608899678744,1
2025-01-10,2708.5,2720.10009765625,2683.699951171875,2686.10009765625,403,66.02044095003197,2663.8519479831875,2652.413055187094,7.096818615882967,0
2025-01-13,2673.5,2711.199951171875,2673.5,2711.10009765625,765,54.908168765077164,2665.7815583865504,2654.330050170085,7.764884428313962,1
2025-01-14,2677.5,2688.300048828125,2670.800048828125,2673.60009765625,794,55.85176719891831,2668.1252467092404,2656.436409245532,8.518897421775819,1
2025-01-15,2712.5,2712.5,2690.800048828125,2690.800048828125,930,63.31523442743098,2677.0001973673925,2661.53309931412,11.80458968250241,1
2025-01-16,2746.39990234375,2749.800048828125,2731.699951171875,2731.699951171875,1721,68.96210087912627,2690.880138362664,2669.248263225905,16.94859047621958,0
2025-01-17,2744.300048828125,2751.60009765625,2725.5,2736.0,1214,68.23915884516725,2701.5641204557564,2676.0711528261063,20.61813451590524,1
2025-01-21,2755.0,2755.0,2724.800048828125,2746.0,1439,70.01864470325826,2712.2512963646054,2683.2465025691877,24.111726269929477,1
2025-01-22,2767.60009765625,2768.800048828125,2753.5,2754.5,2079,72.06640440598898,2723.3210566229345,2690.915011213466,27.579229294579363,0
2025-01-23,2763.10009765625,2765.0,2745.39990234375,2760.0,2201,70.16470219771746,2731.276864829598,2697.4772917991736,29.622666373212724,1
2025-01-24,2777.300048828125,2792.0,2759.800048828125,2759.800048828125,1593,72.6913340626055,2740.4815016293032,2704.7339060745326,32.01882923345147,0
2025-01-27,2737.5,2762.199951171875,2737.5,2761.10009765625,984,57.52107961931261,2739.8852013034425,2707.712641885939,30.356345194831192,1
2025-01-28,2766.800048828125,2766.800048828125,2738.0,2738.0,2307,63.71517012408611,2745.268170808379,2713.084224335228,31.04521378681875,1
2025-01-29,2769.10009765625,2769.10009765625,2769.10009765625,2769.10009765625,125692,64.17085718459936,2750.0345561779536,2718.176576455321,31.41461371512878,1
2025-01-30,2823.0,2829.5,2770.0,2772.5,40141,72.99992709123786,2764.627644942363,2727.7059785957463,35.64573562695159,0
2025-01-31,2812.5,2838.0,2804.0,2829.0,3443,69.30341618775354,2774.2021159538904,2735.414525996133,37.71689113476714,1
2025-02-03,2833.89990234375,2848.39990234375,2780.89990234375,2818.199951171875,2649,72.46127936137677,2786.1416732318626,2744.3677420277345,40.61688391464031,1
2025-02-04,2853.300048828125,2853.300048828125,2816.10009765625,2827.60009765625,2187,75.04697375727574,2799.5733483511153,2754.270679009588,43.97367759090457,1
2025-02-05,2871.60009765625,2880.5,2848.0,2850.0,4519,77.2825887042294,2813.9786982121427,2764.9369897956485,47.5623525703827,0
2025-02-06,2856.0,2871.699951171875,2836.300048828125,2865.199951171875,3116,71.23734176761766,2822.382958569714,2773.215445268771,48.58751916496885,1
2025-02-07,2867.300048828125,2889.5,2857.800048828125,2859.89990234375,1822,72.94089720391895,2831.3663766213967,2781.768591046894,49.73843684029316,1
2025-02-10,2914.300048828125,2916.10009765625,2863.800048828125,2864.199951171875,2237,78.7558021057379,2847.953111062742,2793.816905390642,53.82262092392011,0
2025-02-11,2912.5,2945.39990234375,2890.0,2925.5,2554,78.04212424483109,2860.862488850194,2804.606277627857,56.26552340857643,0
2025-02-12,2909.0,2912.300048828125,2868.60009765625,2902.0,2504,76.54357961033632,2870.4899910801555,2814.0966160253242,57.25907352152808,1
2025-02-13,2925.89990234375,2937.699951171875,2910.60009765625,2911.300048828125,4670,78.73433189730423,2881.571973332874,2824.2605511451807,58.7331112782249,0
2025-02-14,2883.60009765625,2944.39990234375,2874.800048828125,2937.300048828125,1992,62.5003325861836,2881.97759819755,2829.6550553734596,55.844317565201436,1
2025-02-18,2931.60009765625,2936.39990234375,2873.800048828125,2879.199951171875,4010,70.23762947479929,2891.90209808929,2838.922786490077,56.773674997275066,0
2025-02-19,2919.39990234375,2946.0,2917.10009765625,2938.699951171875,2630,66.37023697723396,2897.401658940182,2846.23888793132,55.88157563853156,1
2025-02-20,2940.0,2955.800048828125,2924.199951171875,2949.10009765625,656,69.51898439537943,2905.9213271521458,2854.762625392109,56.18912295524524,0
2025-02-21,2937.60009765625,2940.0,2917.300048828125,2938.800048828125,570,68.68651688586053,2912.2570812529666,2862.2933046888493,55.59830174342278,1
2025-02-24,2947.89990234375,2957.89990234375,2933.10009765625,2933.10009765625,415,70.37801287530745,2919.385645471123,2870.0757226574765,55.32344559249759,0
2025-02-25,2904.5,2943.199951171875,2890.0,2938.699951171875,1854,56.171881714687935,2916.4085163768987,2873.2052024158875,51.015535366002496,1
2025-02-26,2916.800048828125,2917.0,2913.0,2913.5,2050,58.791291225697805,2916.486822867144,2877.1683702715454,48.04021888006946,0
2025-02-27,2883.199951171875,2922.800048828125,2870.39990234375,2918.5,3215,49.76400707529826,2909.8294485280903,2877.716695807939,42.48131391275638,0
2025-02-28,2836.800048828125,2877.10009765625,2834.10009765625,2877.10009765625,990,40.27512536651887,2895.2235685880974,2873.9970006279555,33.94051223957422,1
2025-03-03,2890.199951171875,2891.800048828125,2863.39990234375,2872.699951171875,423,51.98294658909191,2894.2188451048532,2875.469996131948,31.122035762484302,1
2025-03-04,2909.60009765625,2927.89990234375,2886.10009765625,2886.10009765625,885,55.50393411799251,2897.2950956151326,2878.572732634157,30.1067506551135,1
2025-03-05,2915.300048828125,2922.0,2893.0,2916.699951171875,551,56.54419062458756,2900.8960862577314,2881.9115795608814,29.422899446181873,1
2025-03-06,2916.60009765625,2918.60009765625,2903.800048828125,2904.0,870,56.800135963944605,2904.0368885374355,2885.065081205915,28.655522485915753,0
2025-03-07,2904.699951171875,2927.300048828125,2900.5,2900.89990234375,531,53.58993133361093,2904.1695010643234,2886.8500693846386,26.778443125290778,0
2025-03-10,2891.0,2915.10009765625,2880.199951171875,2910.10009765625,55,49.976860199153855,2901.535600851459,2887.227335804217,23.909755861799567,1
2025-03-11,2912.89990234375,2916.699951171875,2880.39990234375,2884.39990234375,197,55.32649338683832,2903.808461149917,2889.561205489629,23.136733766978068,1
2025-03-12,2939.10009765625,2939.10009765625,2910.0,2912.0,213,60.88677204419681,2910.8667884511838,2894.06474114114,24.357467264432216,1
2025-03-13,2984.300048828125,2988.0,2935.199951171875,2937.10009765625,2366,68.42095879620192,2925.553440526572,2902.267950930866,28.64199853381797,1
2025-03-14,2994.5,3004.800048828125,2986.0,2994.39990234375,1800,69.87589673049105,2939.342752421258,2910.652682664423,32.4860918037848,1
2025-03-17,3000.0,3001.5,2989.0,2991.0,214,70.68509710411398,2951.4742019370065,2918.7751660585664,35.56638035656488,1
2025-03-18,3035.10009765625,3039.199951171875,3004.39990234375,3006.39990234375,428,75.37552126771293,2968.1993810808553,2929.3501598401735,40.37440475816902,1
2025-03-19,3035.89990234375,3050.89990234375,3030.89990234375,3035.199951171875,175,75.47487131184967,2981.7394853334345,2939.036500067771,43.745070349788875,1
2025-03-20,3040.0,3047.300048828125,3034.39990234375,3047.300048828125,185,76.02582170302435,2993.3915882667475,2948.21500006161,46.21445921210034,0
2025-03-21,3018.199951171875,3037.5,3000.89990234375,3034.5,151,67.11819107196575,2998.353260847773,2954.577268344361,45.88346984771215,0
2025-03-24,3013.10009765625,3024.300048828125,3006.0,3024.300048828125,137,65.13451840256687,3001.3026282094684,2959.897525554533,44.69443322937923,1
2025-03-25,3023.699951171875,3028.800048828125,3023.699951171875,3026.39990234375,74,67.36218645162035,3005.7820928019496,2965.6977460652006,44.09908592304964,0
2025-03-26,3020.89990234375,3033.199951171875,3019.5,3033.199951171875,83,66.1221764745114,3008.8056547103097,2970.716123908705,42.90672632156702,1
2025-03-27,3060.199951171875,3065.0,3025.5,3025.5,124359,73.67841985251818,3019.084514002623,2978.8510172962656,44.61862253664822,1
2025-03-28,3086.5,3094.89990234375,3066.800048828125,3069.699951171875,31206,77.42281137272873,3032.5676112020988,2988.63728845115,47.549387027213015,1
2025-03-31,3122.800048828125,3132.5,3086.0,3091.0,3438,81.46617269620818,3050.6140987273043,3000.8339030308753,52.19942706705342,0
2025-04-01,3118.89990234375,3149.5,3104.0,3129.699951171875,1721,79.76089962067213,3064.271259450594,3011.5671756956817,54.9366327682651,1
2025-04-02,3139.89990234375,3168.60009765625,3117.39990234375,3120.699951171875,5946,82.01338475133886,3079.396988029225,3023.233787209142,58.130322331684965,0
2025-04-03,3097.0,3166.89990234375,3052.0,3150.0,5516,65.47355149810798,3082.9175904233803,3029.9398065537653,56.54783251683784,0
2025-04-04,3012.0,3127.699951171875,3011.0,3110.5,3247,45.34232326551376,3068.7340723387047,3028.3089150488777,47.88294354489926,0
2025-04-07,2951.300048828125,3050.800048828125,2949.699951171875,3016.39990234375,4424,36.44977663293809,3045.2472676365887,3021.308109028809,35.706376951523,1
2025-04-08,2968.39990234375,3014.5,2968.39990234375,2994.0,3213,40.125364457064386,3029.877794578021,3016.49827205744,27.123512499821572,1
2025-04-09,3056.5,3090.39990234375,2965.800048828125,2965.800048828125,2175,55.01847436293049,3035.202235662417,3020.134792779491,27.11787420967312,1
2025-04-10,3155.199951171875,3167.0,3072.10009765625,3073.89990234375,3456,65.65321012018141,3059.201778764309,3032.413443542435,34.67792152073571,1
2025-04-11,3222.199951171875,3235.0,3182.10009765625,3182.10009765625,862,70.85113020141738,3091.801413245822,3049.6667624178385,45.55057486677288,0
2025-04-14,3204.800048828125,3228.800048828125,3194.5,3215.5,263,67.88659265887102,3114.4011403622826,3063.769788455137,52.16191419745155,1
2025-04-15,3218.699951171875,3218.699951171875,3214.0,3216.0,390,69.03655055001293,3135.2609025242014,3077.8543487021134,57.856124809337416,1
2025-04-16,3326.60009765625,3334.89990234375,3238.300048828125,3238.300048828125,1874,76.34321352155163,3173.5287415506114,3100.467598607035,70.26549096487543,0
2025-04-17,3308.699951171875,3345.0,3287.800048828125,3345.0,824,73.16091506100155,3200.5629834748643,3119.397812476566,77.75925058695748,1
2025-04-21,3406.199951171875,3418.5,3342.199951171875,3342.199951171875,78,78.56775644376543,3241.6903770142667,3145.470734176139,90.522062249991,0
2025-04-22,3400.800048828125,3485.60009765625,3361.699951171875,3422.199951171875,785,77.60568299233282,3273.5123113770387,3168.6824900535926,99.059064223522,0
2025-04-23,3276.300048828125,3370.300048828125,3256.199951171875,3321.199951171875,331,59.0744439799828,3274.0698588672562,3178.4659044876407,94.6870963768747,1
2025-04-24,3332.0,3353.89990234375,3304.89990234375,3305.39990234375,560,63.416890715934244,3285.655887093805,3192.4235495342186,94.62601116170936,0
2025-04-25,3282.39990234375,3355.5,3266.10009765625,3355.5,162,57.3916571829138,3285.0046901437945,3200.6032179714484,89.54309032640413,1
2025-04-28,3332.5,3332.5,3284.5,3284.5,1300,61.49723586509874,3294.5037521150357,3212.5938345194986,88.53689985164738,0
2025-04-29,3318.800048828125,3340.0,3299.89990234375,3340.0,1278,59.7480286723293,3299.3630114576536,3222.2489449111918,85.64673286367815,0
2025-04-30,3305.0,3318.699951171875,3268.0,3318.699951171875,207,57.90463504530324,3300.490409166123,3229.7717681010836,81.30546727868204,0
2025-05-01,3210.0,3275.0,3198.60009765625,3272.89990234375,2131,46.84876097690649,3282.3923273328983,3227.974334637349,69.39928521318643,1
2025-05-02,3231.89990234375,3257.0,3225.0,3239.89990234375,1349,49.3269414817662,3272.293842335069,3228.33120442884,61.02720560281932,1
2025-05-05,3311.300048828125,3315.699951171875,3239.699951171875,3242.699951171875,244,57.33966908865779,3280.09508363368,3235.873826646957,60.10633205951535,1
2025-05-06,3411.39990234375,3430.89990234375,3356.800048828125,3365.5,2357,65.07544339978838,3306.3560473756943,3251.830742619393,66.68505099339245,0
2025-05-07,3381.39990234375,3418.699951171875,3364.699951171875,3418.699951171875,1080,61.36967158793935,3321.364818369306,3263.6097571397886,68.68621197015182,0
2025-05-08,3296.60009765625,3390.0,3288.699951171875,3390.0,200,52.058864718147454,3316.411874226695,3266.608879004921,62.706667495730926,1
2025-05-09,3335.39990234375,3335.5,3299.0,3299.0,216,55.4918008213115,3320.209479850106,3272.86260839936,60.402374421090826,0
2025-05-12,3220.0,3300.699951171875,3205.0,3300.699951171875,886,44.87299151983347,3300.167583880085,3268.0569167266904,48.70298023637406,1
2025-05-13,3240.300048828125,3251.39990234375,3223.5,3232.0,2424,46.86052032771863,3288.1940768696936,3265.5335650995476,40.6011456080123,0
2025-05-14,3181.39990234375,3233.0,3171.699951171875,3233.0,3518,41.98098553388698,3266.8352419645053,3257.885050303566,29.09227607298635,1
2025-05-15,3220.699951171875,3228.10009765625,3125.0,3151.0,652,46.138946091014276,3257.6081838059795,3254.5045867461395,22.878866217612085,0
2025-05-16,3182.0,3228.10009765625,3173.89990234375,3227.699951171875,199,42.78413842894941,3242.486547044784,3247.9132606783087,14.662906650913555,1
2025-05-19,3228.89990234375,3241.0,3228.300048828125,3234.39990234375,266,47.886478372375606,3239.7692181045777,3246.1847735569854,11.800105392165733,1
2025-05-20,3280.300048828125,3293.199951171875,3207.5,3219.0,356,52.99130558219236,3247.8753842492874,3249.286162217998,13.522992383157089,1
2025-05-21,3309.300048828125,3317.5,3290.199951171875,3293.39990234375,979,55.71098537269685,3260.160317165055,3254.7419700916457,17.032114756348165,0
2025-05-22,3292.300048828125,3328.0,3282.699951171875,3327.300048828125,1210,53.6878541859453,3266.588263497669,3258.156340885871,18.231203627009563,1
2025-05-23,3363.60009765625,3363.60009765625,3323.5,3328.0,47,60.390957923862715,3285.9906303293856,3267.742136955905,24.650650897981905,0
2025-05-27,3299.10009765625,3341.0,3296.300048828125,3332.5,189,52.72101430152867,3288.612523794759,3270.5928606559364,24.25391413423722,0
2025-05-28,3293.60009765625,3293.60009765625,3293.60009765625,3293.60009765625,127758,52.094155510440146,3289.610038567057,3272.684427655965,23.22793616681065,1
2025-05-29,3317.10009765625,3328.800048828125,3242.39990234375,3283.699951171875,24370,54.65385509834636,3295.1080503848957,3276.722215837809,24.034045324332965,0
2025-05-30,3288.89990234375,3318.0,3270.89990234375,3315.10009765625,2213,51.01910092600493,3293.866420776667,3277.8292782474396,22.14213184362461,1
2025-06-02,3370.60009765625,3380.800048828125,3296.89990234375,3296.89990234375,976,59.65606261053429,3309.2131561525835,3286.2629891027855,26.92492595809972,0
2025-06-03,3350.199951171875,3390.0,3331.300048828125,3385.10009765625,6410,56.87370197725087,3317.410515156442,3292.075440199975,28.737930448372026,1
2025-06-04,3373.5,3380.0,3344.0,3355.0,207,59.28365541160756,3328.628412125154,3299.477672909068,31.68957113275701,0
2025-06-05,3350.699951171875,3400.0,3343.699951171875,3371.5,731,55.88801574273708,3333.042719934498,3304.134243660232,31.822168102806245,0
2025-06-06,3322.699951171875,3364.300048828125,3306.0,3364.300048828125,81,51.8366340399698,3330.974166181974,3305.8220352522,29.329790593838425,1
2025-06-09,3332.10009765625,3334.60009765625,3290.0,3315.60009765625,1887,53.10471713258354,3331.1993524768295,3308.210950016204,27.79269977965305,0
2025-06-10,3320.89990234375,3344.300048828125,3302.0,3302.0,65,51.31603790219732,3329.1394624502136,3309.36449113689,25.378237552389237,1
2025-06-11,3321.300048828125,3356.0,3321.300048828125,3328.0,2106,51.38104426852346,3327.5715797257963,3310.449541836093,23.229274700125643,1
2025-06-12,3380.89990234375,3395.89990234375,3353.39990234375,3363.0,1818,60.18039452960973,3338.237244249387,3316.8541200640616,26.035297535637255,1
2025-06-13,3431.199951171875,3444.0,3407.300048828125,3407.300048828125,499,65.95791889480131,3356.829785633885,3327.2491956193176,31.949589435382222,0
2025-06-16,3396.39990234375,3442.0,3385.39990234375,3442.0,480,59.33945336346001,3364.7438089758584,3333.535623503357,33.44312375874688,0
2025-06-17,3386.60009765625,3398.300048828125,3376.10009765625,3398.300048828125,1477,57.533098032993614,3369.1150667119373,3338.3596666081653,33.450402712137475,1
2025-06-18,3389.800048828125,3391.89990234375,3365.10009765625,3385.300048828125,0,57.996997001552735,3373.2520631351754,3343.036064991798,33.330171185489235,0
2025-06-20,3368.10009765625,3372.89990234375,3341.0,3350.0,709,53.58637253738848,3372.2216700393906,3345.314613415839,31.12509144935575,1
2025-06-23,3377.699951171875,3387.89990234375,3350.0,3365.89990234375,30,55.25886775840375,3373.317326265888,3348.258735030024,29.80856325905279,0
2025-06-24,3317.39990234375,3358.0,3301.0,3358.0,538,44.15427410942494,3362.1338414814604,3345.453386603999,23.627136271710697,1
2025-06-25,3327.10009765625,3331.199951171875,3310.60009765625,3321.60009765625,373,46.09063030155894,3355.1270927164187,3343.784905790568,19.28868755987014,1
2025-06-26,3333.5,3333.5,3332.39990234375,3332.39990234375,373,47.42694540892779,3350.8016741731353,3342.8499143550616,16.18033747334357,0
